别以为软萝莉没有硬实力 真鸡儿痛的动态图 ,http://www.fuliqu.com/html/a_2327.html
你的眼睛在看哪里！相当不可描述的动态图 ,http://www.fuliqu.com/html/a_2326.html
古装妹子的舞蹈好带感 看得贼鸡冻的午间动态图 ,http://www.fuliqu.com/html/a_2325.html
古装妹子的舞蹈好带感 看得贼鸡冻的午间动态图 ,http://www.fuliqu.com/html/a_2324.html
古装妹子的舞蹈好带感 看得贼鸡冻的午间动态图 ,http://www.fuliqu.com/html/a_2323.html
古装妹子的舞蹈好带感 看得贼鸡冻的午间动态图 ,http://www.fuliqu.com/html/a_2322.html
我手上有五个长发美女 不舍得眨眼的内涵动态图 ,http://www.fuliqu.com/html/a_2321.html
女主角的胸都是这样变大的 午间福利动态图 ,http://www.fuliqu.com/html/a_2320.html
这个按摩手法很专业 略显躁动的福利动态图 ,http://www.fuliqu.com/html/a_2319.html
只有贫乳才能做的高难度姿势 老司机才看的内涵动图 ,http://www.fuliqu.com/html/a_2318.html
